id,page_name,url,file_name,edit_type,author,description,keyword,create_date,update_date,meta_robots,master_page_id,discriminator_type
"0","プレビューデータ","preview",,"1",,,,"2017-03-07 10:14:52","2017-03-07 10:14:52",,,"page"
"1","TOPページ","homepage","index","2",,,,"2017-03-07 10:14:52","2017-03-07 10:14:52",,,"page"
"2","商品一覧ページ","product_list","Product/list","2",,,,"2017-03-07 10:14:52","2017-03-07 10:14:52",,,"page"
"3","商品詳細ページ","product_detail","Product/detail","2",,,,"2017-03-07 10:14:52","2017-03-07 10:14:52",,,"page"
"4","MYページ","mypage","Mypage/index","2",,,,"2017-03-07 10:14:52","2017-03-07 10:14:52","noindex",,"page"
"5","MYページ/会員登録内容変更(入力ページ)","mypage_change","Mypage/change","2",,,,"2017-03-07 10:14:52","2017-03-07 10:14:52","noindex",,"page"
"6","MYページ/会員登録内容変更(完了ページ)","mypage_change_complete","Mypage/change_complete","2",,,,"2017-03-07 10:14:52","2017-03-07 10:14:52","noindex",,"page"
"9","MYページ/お気に入り一覧","mypage_favorite","Mypage/favorite","2",,,,"2017-03-07 10:14:52","2017-03-07 10:14:52","noindex",,"page"
"10","MYページ/購入履歴詳細","mypage_history","Mypage/history","2",,,,"2017-03-07 10:14:52","2017-03-07 10:14:52","noindex",,"page"
"11","MYページ/ログイン","mypage_login","Mypage/login","2",,,,"2017-03-07 10:14:52","2017-03-07 10:14:52","noindex",,"page"
"12","MYページ/退会手続き(入力ページ)","mypage_withdraw","Mypage/withdraw","2",,,,"2017-03-07 10:14:52","2017-03-07 10:14:52","noindex",,"page"
"14","当サイトについて","help_about","Help/about","2",,,,"2017-03-07 10:14:52","2017-03-07 10:14:52",,,"page"
"13","MYページ/退会手続き(完了ページ)","mypage_withdraw_complete","Mypage/withdraw_complete","2",,,,"2017-03-07 10:14:52","2017-03-07 10:14:52","noindex",,"page"
"15","現在のカゴの中","cart","Cart/index","2",,,,"2017-03-07 10:14:52","2017-03-07 10:14:52","noindex",,"page"
"16","お問い合わせ(入力ページ)","contact","Contact/index","2",,,,"2017-03-07 10:14:52","2017-03-07 10:14:52",,,"page"
"17","お問い合わせ(完了ページ)","contact_complete","Contact/complete","2",,,,"2017-03-07 10:14:52","2017-03-07 10:14:52",,,"page"
"18","会員登録(入力ページ)","entry","Entry/index","2",,,,"2017-03-07 10:14:52","2017-03-07 10:14:52",,,"page"
"20","会員登録(完了ページ)","entry_complete","Entry/complete","2",,,,"2017-03-07 10:14:52","2017-03-07 10:14:52",,,"page"
"21","特定商取引に関する法律に基づく表記","help_tradelaw","Help/tradelaw","2",,,,"2017-03-07 10:14:52","2017-03-07 10:14:52",,,"page"
"22","本会員登録(完了ページ)","entry_activate","Entry/activate","2",,,,"2017-03-07 10:14:52","2017-03-07 10:14:52",,,"page"
"24","商品購入/お届け先の指定","shopping_shipping","Shopping/shipping","2",,,,"2017-03-07 10:14:52","2017-03-07 10:14:52","noindex",,"page"
"28","商品購入/ご注文完了","shopping_complete","Shopping/complete","2",,,,"2017-03-07 10:14:52","2017-03-07 10:14:52","noindex",,"page"
"29","プライバシーポリシー","help_privacy","Help/privacy","2",,,,"2017-03-07 10:14:52","2017-03-07 10:14:52",,,"page"
"30","商品購入ログイン","shopping_login","Shopping/login","2",,,,"2017-03-07 10:14:52","2017-03-07 10:14:52",,,"page"
"31","非会員購入情報入力","shopping_nonmember","Shopping/nonmember","2",,,,"2017-03-07 10:14:52","2017-03-07 10:14:52",,,"page"
"32","商品購入/お届け先の追加","shopping_shipping_edit","Shopping/shipping_edit","2",,,,"2017-03-07 01:15:02","2017-03-07 01:15:02","noindex",,"page"
"33","商品購入/お届け先の複数指定(お届け先の追加)","shopping_shipping_multiple_edit","Shopping/shipping_multiple_edit","2",,,,"2017-03-07 01:15:02","2017-03-07 01:15:02","noindex",,"page"
"34","商品購入/購入エラー","shopping_error","Shopping/shopping_error","2",,,,"2017-03-07 01:15:02","2017-03-07 01:15:02","noindex",,"page"
"35","ご利用ガイド","help_guide","Help/guide","2",,,,"2017-03-07 01:15:02","2017-03-07 01:15:02",,,"page"
"36","パスワード再発行(入力ページ)","forgot","Forgot/index","2",,,,"2017-03-07 01:15:02","2017-03-07 01:15:02",,,"page"
"37","パスワード再発行(完了ページ)","forgot_complete","Forgot/complete","2",,,,"2017-03-07 01:15:02","2017-03-07 01:15:02","noindex",,"page"
"38","パスワード再発行(再設定ページ)","forgot_reset","Forgot/reset","2",,,,"2017-03-07 01:15:02","2017-03-07 01:15:05","noindex",,"page"
"19","ご利用規約","help_agreement","Help/agreement","2",,,,"2017-03-07 10:14:52","2017-03-07 10:14:52",,,"page"
"25","商品購入/お届け先の複数指定","shopping_shipping_multiple","Shopping/shipping_multiple","2",,,,"2017-03-07 10:14:52","2017-03-07 10:14:52","noindex",,"page"
"23","商品購入","shopping","Shopping/index","2",,,,"2017-03-07 10:14:52","2017-03-07 10:14:52","noindex",,"page"
"7","MYページ/お届け先一覧","mypage_delivery","Mypage/delivery","2",,,,"2017-03-07 10:14:52","2017-03-07 10:14:52","noindex",,"page"
"8","MYページ/お届け先追加","mypage_delivery_new","Mypage/delivery_edit","2",,,,"2017-03-07 10:14:52","2017-03-07 10:14:52","noindex",,"page"
"42","商品購入/お届け先変更","shopping_shipping_edit_change","Shopping/index","2",,,,"2017-03-07 01:15:03","2017-03-07 01:15:03","noindex",,"page"
"44","MYページ/お届け先編集","mypage_delivery_edit","Mypage/delivery_edit","2",,,,"2017-03-07 01:15:05","2017-03-07 01:15:05","noindex",8,"page"
"45","商品購入/ご注文確認","shopping_confirm","Shopping/confirm","2",,,,"2017-03-07 01:15:03","2017-03-07 01:15:03","noindex",,"page"
